0,Mery_sk_cn_back1,
1,Mery_sk_cn_backEnd,Mery_skin_cn_back7
2,Mery_sk_cn_chestEnd,Mery_skin_cn_chest
3,Mery_sk_cn_eyelids_system_root,
4,Mery_sk_cn_headEnd,Mery_skin_cn_head
5,Mery_sk_cn_head_lattice_dw,
6,Mery_sk_cn_head_lattice_root,
7,Mery_sk_cn_head_lattice_up,
8,Mery_sk_cn_jawEnd,Mery_skin_cn_jaw
9,Mery_sk_cn_mouthcenter,Mery_skin_cn_head
10,Mery_sk_cn_neck1,
11,Mery_sk_cn_neckEnd,Mery_skin_cn_neck4
12,Mery_sk_cn_preview_01_hair_01,
13,Mery_sk_cn_preview_01_hair_02,
14,Mery_sk_cn_preview_01_hair_03,
15,Mery_sk_cn_preview_01_hair_04,
16,Mery_sk_cn_preview_01_hair_End,Mery_sk_cn_preview_01_hair_04
17,Mery_sk_cn_preview_02_hair_01,
18,Mery_sk_cn_preview_02_hair_02,
19,Mery_sk_cn_preview_02_hair_03,
20,Mery_sk_cn_preview_02_hair_04,
21,Mery_sk_cn_preview_02_hair_End,Mery_sk_cn_preview_02_hair_04
22,Mery_sk_cn_preview_03_hair_01,
23,Mery_sk_cn_preview_03_hair_02,
24,Mery_sk_cn_preview_03_hair_03,
25,Mery_sk_cn_preview_03_hair_04,
26,Mery_sk_cn_preview_03_hair_End,Mery_sk_cn_preview_03_hair_04
27,Mery_sk_cn_preview_04_hair_01,
28,Mery_sk_cn_preview_04_hair_02,
29,Mery_sk_cn_preview_04_hair_03,
30,Mery_sk_cn_preview_04_hair_04,
31,Mery_sk_cn_preview_04_hair_End,Mery_sk_cn_preview_04_hair_04
32,Mery_sk_cn_preview_05_hair_01,
33,Mery_sk_cn_preview_05_hair_02,
34,Mery_sk_cn_preview_05_hair_03,
35,Mery_sk_cn_preview_05_hair_End,Mery_sk_cn_preview_05_hair_03
36,Mery_sk_cn_preview_06_hair_01,
37,Mery_sk_cn_preview_06_hair_02,
38,Mery_sk_cn_preview_06_hair_03,
39,Mery_sk_cn_preview_06_hair_04,
40,Mery_sk_cn_preview_06_hair_End,Mery_sk_cn_preview_06_hair_04
41,Mery_sk_cn_preview_07_hair_01,
42,Mery_sk_cn_preview_07_hair_02,
43,Mery_sk_cn_preview_07_hair_03,
44,Mery_sk_cn_preview_07_hair_04,
45,Mery_sk_cn_preview_07_hair_End,Mery_sk_cn_preview_07_hair_04
46,Mery_sk_cn_preview_08_hair_01,
47,Mery_sk_cn_preview_08_hair_02,
48,Mery_sk_cn_preview_08_hair_03,
49,Mery_sk_cn_preview_08_hair_04,
50,Mery_sk_cn_preview_08_hair_05,
51,Mery_sk_cn_preview_08_hair_End,Mery_sk_cn_preview_08_hair_05
52,Mery_sk_cn_preview_09_hair_01,
53,Mery_sk_cn_preview_09_hair_02,
54,Mery_sk_cn_preview_09_hair_03,
55,Mery_sk_cn_preview_09_hair_04,
56,Mery_sk_cn_preview_09_hair_End,Mery_sk_cn_preview_09_hair_04
57,Mery_sk_cn_preview_10_hair_01,
58,Mery_sk_cn_preview_10_hair_02,
59,Mery_sk_cn_preview_10_hair_03,
60,Mery_sk_cn_preview_10_hair_04,
61,Mery_sk_cn_preview_10_hair_End,Mery_sk_cn_preview_10_hair_04
62,Mery_sk_cn_preview_hair_root,
63,Mery_sk_cn_tongue1,
64,Mery_sk_cn_tongue2,Mery_sk_cn_tongue1
65,Mery_sk_cn_tongue3,Mery_sk_cn_tongue2
66,Mery_sk_cn_tongue4,Mery_sk_cn_tongue3
67,Mery_sk_cn_tongue5,Mery_sk_cn_tongue4
68,Mery_sk_dw_cn_lip,
69,Mery_sk_dw_cn_lip_control,
70,Mery_sk_dw_lf_lip01,
71,Mery_sk_dw_lf_lip01_control,
72,Mery_sk_dw_lf_lip02,
73,Mery_sk_dw_lf_lip02_control,
74,Mery_sk_dw_lf_lip03,
75,Mery_sk_dw_lf_lip04,
76,Mery_sk_dw_lf_lip05,
77,Mery_sk_dw_lf_lip06,
78,Mery_sk_dw_lf_lip07,
79,Mery_sk_dw_lf_lip08,
80,Mery_sk_dw_rg_lip01,
81,Mery_sk_dw_rg_lip01_control,
82,Mery_sk_dw_rg_lip02,
83,Mery_sk_dw_rg_lip02_control,
84,Mery_sk_dw_rg_lip03,
85,Mery_sk_dw_rg_lip04,
86,Mery_sk_dw_rg_lip05,
87,Mery_sk_dw_rg_lip06,
88,Mery_sk_dw_rg_lip07,
89,Mery_sk_dw_rg_lip08,
90,Mery_sk_dw_teeth,Mery_skin_cn_jaw
91,Mery_sk_lf_armEnd,Mery_sk_lf_lowarm
92,Mery_sk_lf_arm_control1,Mery_sk_lf_uparm
93,Mery_sk_lf_arm_control2,
94,Mery_sk_lf_arm_control3,
95,Mery_sk_lf_arm_control4,
96,Mery_sk_lf_arm_control5,
97,Mery_sk_lf_arm_control6,
98,Mery_sk_lf_arm_control7,Mery_sk_lf_armEnd
99,Mery_sk_lf_clavicleEnd,Mery_skin_lf_clavicle
100,Mery_sk_lf_cornerlip,
101,Mery_sk_lf_cornerlip_control,
102,Mery_sk_lf_eye,Mery_skin_cn_head
103,Mery_sk_lf_handEnd,Mery_skin_lf_hand
104,Mery_sk_lf_indexEnd,Mery_skin_lf_index03
105,Mery_sk_lf_legEnd,Mery_sk_lf_lowleg
106,Mery_sk_lf_leg_control1,Mery_sk_lf_upleg
107,Mery_sk_lf_leg_control2,
108,Mery_sk_lf_leg_control3,
109,Mery_sk_lf_leg_control4,
110,Mery_sk_lf_leg_control5,
111,Mery_sk_lf_leg_control6,
112,Mery_sk_lf_leg_control7,Mery_sk_lf_legEnd
113,Mery_sk_lf_lowarm,Mery_sk_lf_uparm
114,Mery_sk_lf_lowarm_aux01,
115,Mery_sk_lf_lowarm_aux02,Mery_sk_lf_lowarm_aux01
116,Mery_sk_lf_lowarm_auxEnd,Mery_sk_lf_lowarm_aux02
117,Mery_sk_lf_lowarm_nonroll,
118,Mery_sk_lf_lowarm_nonrollEnd,Mery_sk_lf_lowarm_nonroll
119,Mery_sk_lf_lowarm_twistEnd,Mery_skin_lf_lowarm_twist5
120,Mery_sk_lf_lowleg,Mery_sk_lf_upleg
121,Mery_sk_lf_lowleg_aux01,
122,Mery_sk_lf_lowleg_aux02,Mery_sk_lf_lowleg_aux01
123,Mery_sk_lf_lowleg_auxEnd,Mery_sk_lf_lowleg_aux02
124,Mery_sk_lf_lowleg_nonroll,
125,Mery_sk_lf_lowleg_nonrollEnd,Mery_sk_lf_lowleg_nonroll
126,Mery_sk_lf_lowleg_twistEnd,Mery_skin_lf_lowleg_twist5
127,Mery_sk_lf_middleEnd,Mery_skin_lf_middle03
128,Mery_sk_lf_pinkyEnd,Mery_skin_lf_pinky03
129,Mery_sk_lf_ringEnd,Mery_skin_lf_ring03
130,Mery_sk_lf_thumbEnd,Mery_skin_lf_thumb03
131,Mery_sk_lf_toeEnd,Mery_skin_lf_toe
132,Mery_sk_lf_uparm,
133,Mery_sk_lf_uparm_nonroll,
134,Mery_sk_lf_uparm_nonrollEnd,Mery_sk_lf_uparm_nonroll
135,Mery_sk_lf_uparm_twistEnd,Mery_skin_lf_uparm_twist5
136,Mery_sk_lf_upleg,
137,Mery_sk_lf_upleg_nonroll,
138,Mery_sk_lf_upleg_nonrollEnd,Mery_sk_lf_upleg_nonroll
139,Mery_sk_lf_upleg_twistEnd,Mery_skin_lf_upleg_twist5
140,Mery_sk_rg_armEnd,Mery_sk_rg_lowarm
141,Mery_sk_rg_arm_control1,Mery_sk_rg_uparm
142,Mery_sk_rg_arm_control2,
143,Mery_sk_rg_arm_control3,
144,Mery_sk_rg_arm_control4,
145,Mery_sk_rg_arm_control5,
146,Mery_sk_rg_arm_control6,
147,Mery_sk_rg_arm_control7,Mery_sk_rg_armEnd
148,Mery_sk_rg_clavicleEnd,Mery_skin_rg_clavicle
149,Mery_sk_rg_cornerlip,
150,Mery_sk_rg_cornerlip_control,
151,Mery_sk_rg_eye,Mery_skin_cn_head
152,Mery_sk_rg_handEnd,Mery_skin_rg_hand
153,Mery_sk_rg_indexEnd,Mery_skin_rg_index03
154,Mery_sk_rg_legEnd,Mery_sk_rg_lowleg
155,Mery_sk_rg_leg_control1,Mery_sk_rg_upleg
156,Mery_sk_rg_leg_control2,
157,Mery_sk_rg_leg_control3,
158,Mery_sk_rg_leg_control4,
159,Mery_sk_rg_leg_control5,
160,Mery_sk_rg_leg_control6,
161,Mery_sk_rg_leg_control7,Mery_sk_rg_legEnd
162,Mery_sk_rg_lowarm,Mery_sk_rg_uparm
163,Mery_sk_rg_lowarm_aux01,
164,Mery_sk_rg_lowarm_aux02,Mery_sk_rg_lowarm_aux01
165,Mery_sk_rg_lowarm_auxEnd,Mery_sk_rg_lowarm_aux02
166,Mery_sk_rg_lowarm_nonroll,
167,Mery_sk_rg_lowarm_nonrollEnd,Mery_sk_rg_lowarm_nonroll
168,Mery_sk_rg_lowarm_twistEnd,Mery_skin_rg_lowarm_twist5
169,Mery_sk_rg_lowleg,Mery_sk_rg_upleg
170,Mery_sk_rg_lowleg_aux01,
171,Mery_sk_rg_lowleg_aux02,Mery_sk_rg_lowleg_aux01
172,Mery_sk_rg_lowleg_auxEnd,Mery_sk_rg_lowleg_aux02
173,Mery_sk_rg_lowleg_nonroll,
174,Mery_sk_rg_lowleg_nonrollEnd,Mery_sk_rg_lowleg_nonroll
175,Mery_sk_rg_lowleg_twistEnd,Mery_skin_rg_lowleg_twist5
176,Mery_sk_rg_middleEnd,Mery_skin_rg_middle03
177,Mery_sk_rg_pinkyEnd,Mery_skin_rg_pinky03
178,Mery_sk_rg_ringEnd,Mery_skin_rg_ring03
179,Mery_sk_rg_thumbEnd,Mery_skin_rg_thumb03
180,Mery_sk_rg_toeEnd,Mery_skin_rg_toe
181,Mery_sk_rg_uparm,
182,Mery_sk_rg_uparm_nonroll,
183,Mery_sk_rg_uparm_nonrollEnd,Mery_sk_rg_uparm_nonroll
184,Mery_sk_rg_uparm_twistEnd,Mery_skin_rg_uparm_twist5
185,Mery_sk_rg_upleg,
186,Mery_sk_rg_upleg_nonroll,
187,Mery_sk_rg_upleg_nonrollEnd,Mery_sk_rg_upleg_nonroll
188,Mery_sk_rg_upleg_twistEnd,Mery_skin_rg_upleg_twist5
189,Mery_sk_up_cn_lip,
190,Mery_sk_up_cn_lip_control,
191,Mery_sk_up_lf_lip01,
192,Mery_sk_up_lf_lip01_control,
193,Mery_sk_up_lf_lip02,
194,Mery_sk_up_lf_lip02_control,
195,Mery_sk_up_lf_lip03,
196,Mery_sk_up_lf_lip04,
197,Mery_sk_up_lf_lip05,
198,Mery_sk_up_lf_lip06,
199,Mery_sk_up_lf_lip07,
200,Mery_sk_up_lf_lip08,
201,Mery_sk_up_rg_lip01,
202,Mery_sk_up_rg_lip01_control,
203,Mery_sk_up_rg_lip02,
204,Mery_sk_up_rg_lip02_control,
205,Mery_sk_up_rg_lip03,
206,Mery_sk_up_rg_lip04,
207,Mery_sk_up_rg_lip05,
208,Mery_sk_up_rg_lip06,
209,Mery_sk_up_rg_lip07,
210,Mery_sk_up_rg_lip08,
211,Mery_sk_up_teeth,
212,Mery_skin_cn_back1,
213,Mery_skin_cn_back2,Mery_sk_cn_back1
214,Mery_skin_cn_back3,Mery_skin_cn_back2
215,Mery_skin_cn_back4,Mery_skin_cn_back3
216,Mery_skin_cn_back5,Mery_skin_cn_back4
217,Mery_skin_cn_back6,Mery_skin_cn_back5
218,Mery_skin_cn_back7,Mery_skin_cn_back6
219,Mery_skin_cn_chest,
220,Mery_skin_cn_head,
221,Mery_skin_cn_jaw,
222,Mery_skin_cn_neck1,
223,Mery_skin_cn_neck2,Mery_sk_cn_neck1
224,Mery_skin_cn_neck3,Mery_skin_cn_neck2
225,Mery_skin_cn_neck4,Mery_skin_cn_neck3
226,Mery_skin_cn_nose,
227,Mery_skin_lf_bracelet01,
228,Mery_skin_lf_bracelet02,
229,Mery_skin_lf_bracelet03,
230,Mery_skin_lf_breast,
231,Mery_skin_lf_clavicle,
232,Mery_skin_lf_dw_eyelid,
233,Mery_skin_lf_dw_eyelid01,Mery_skin_lf_dw_eyelid
234,Mery_skin_lf_dw_eyelid02,Mery_skin_lf_dw_eyelid
235,Mery_skin_lf_dw_eyelid03,Mery_skin_lf_dw_eyelid
236,Mery_skin_lf_ear,
237,Mery_skin_lf_foot,
238,Mery_skin_lf_hand,
239,Mery_skin_lf_index01,Mery_skin_lf_index_base
240,Mery_skin_lf_index02,Mery_skin_lf_index01
241,Mery_skin_lf_index03,Mery_skin_lf_index02
242,Mery_skin_lf_index_base,
243,Mery_skin_lf_lowarm_twist1,
244,Mery_skin_lf_lowarm_twist2,Mery_skin_lf_lowarm_twist1
245,Mery_skin_lf_lowarm_twist3,Mery_skin_lf_lowarm_twist2
246,Mery_skin_lf_lowarm_twist4,Mery_skin_lf_lowarm_twist3
247,Mery_skin_lf_lowarm_twist5,Mery_skin_lf_lowarm_twist4
248,Mery_skin_lf_lowleg_twist1,
249,Mery_skin_lf_lowleg_twist2,Mery_skin_lf_lowleg_twist1
250,Mery_skin_lf_lowleg_twist3,Mery_skin_lf_lowleg_twist2
251,Mery_skin_lf_lowleg_twist4,Mery_skin_lf_lowleg_twist3
252,Mery_skin_lf_lowleg_twist5,Mery_skin_lf_lowleg_twist4
253,Mery_skin_lf_middle01,Mery_skin_lf_middle_base
254,Mery_skin_lf_middle02,Mery_skin_lf_middle01
255,Mery_skin_lf_middle03,Mery_skin_lf_middle02
256,Mery_skin_lf_middle_base,
257,Mery_skin_lf_pinky01,Mery_skin_lf_pinky_base
258,Mery_skin_lf_pinky02,Mery_skin_lf_pinky01
259,Mery_skin_lf_pinky03,Mery_skin_lf_pinky02
260,Mery_skin_lf_pinky_base,
261,Mery_skin_lf_ring01,Mery_skin_lf_ring_base
262,Mery_skin_lf_ring02,Mery_skin_lf_ring01
263,Mery_skin_lf_ring03,Mery_skin_lf_ring02
264,Mery_skin_lf_ring_base,
265,Mery_skin_lf_thumb01,
266,Mery_skin_lf_thumb02,Mery_skin_lf_thumb01
267,Mery_skin_lf_thumb03,Mery_skin_lf_thumb02
268,Mery_skin_lf_toe,Mery_skin_lf_foot
269,Mery_skin_lf_up_eyelid,
270,Mery_skin_lf_up_eyelid01,Mery_skin_lf_up_eyelid
271,Mery_skin_lf_up_eyelid02,Mery_skin_lf_up_eyelid
272,Mery_skin_lf_up_eyelid03,Mery_skin_lf_up_eyelid
273,Mery_skin_lf_uparm_twist1,
274,Mery_skin_lf_uparm_twist2,Mery_skin_lf_uparm_twist1
275,Mery_skin_lf_uparm_twist3,Mery_skin_lf_uparm_twist2
276,Mery_skin_lf_uparm_twist4,Mery_skin_lf_uparm_twist3
277,Mery_skin_lf_uparm_twist5,Mery_skin_lf_uparm_twist4
278,Mery_skin_lf_upleg_twist1,
279,Mery_skin_lf_upleg_twist2,Mery_skin_lf_upleg_twist1
280,Mery_skin_lf_upleg_twist3,Mery_skin_lf_upleg_twist2
281,Mery_skin_lf_upleg_twist4,Mery_skin_lf_upleg_twist3
282,Mery_skin_lf_upleg_twist5,Mery_skin_lf_upleg_twist4
283,Mery_skin_rg_breast,
284,Mery_skin_rg_clavicle,
285,Mery_skin_rg_dw_eyelid,
286,Mery_skin_rg_dw_eyelid01,Mery_skin_rg_dw_eyelid
287,Mery_skin_rg_dw_eyelid02,Mery_skin_rg_dw_eyelid
288,Mery_skin_rg_dw_eyelid03,Mery_skin_rg_dw_eyelid
289,Mery_skin_rg_ear,
290,Mery_skin_rg_foot,
291,Mery_skin_rg_hand,
292,Mery_skin_rg_index01,Mery_skin_rg_index_base
293,Mery_skin_rg_index02,Mery_skin_rg_index01
294,Mery_skin_rg_index03,Mery_skin_rg_index02
295,Mery_skin_rg_index_base,
296,Mery_skin_rg_lowarm_twist1,
297,Mery_skin_rg_lowarm_twist2,Mery_skin_rg_lowarm_twist1
298,Mery_skin_rg_lowarm_twist3,Mery_skin_rg_lowarm_twist2
299,Mery_skin_rg_lowarm_twist4,Mery_skin_rg_lowarm_twist3
300,Mery_skin_rg_lowarm_twist5,Mery_skin_rg_lowarm_twist4
301,Mery_skin_rg_lowleg_twist1,
302,Mery_skin_rg_lowleg_twist2,Mery_skin_rg_lowleg_twist1
303,Mery_skin_rg_lowleg_twist3,Mery_skin_rg_lowleg_twist2
304,Mery_skin_rg_lowleg_twist4,Mery_skin_rg_lowleg_twist3
305,Mery_skin_rg_lowleg_twist5,Mery_skin_rg_lowleg_twist4
306,Mery_skin_rg_middle01,Mery_skin_rg_middle_base
307,Mery_skin_rg_middle02,Mery_skin_rg_middle01
308,Mery_skin_rg_middle03,Mery_skin_rg_middle02
309,Mery_skin_rg_middle_base,
310,Mery_skin_rg_pinky01,Mery_skin_rg_pinky_base
311,Mery_skin_rg_pinky02,Mery_skin_rg_pinky01
312,Mery_skin_rg_pinky03,Mery_skin_rg_pinky02
313,Mery_skin_rg_pinky_base,
314,Mery_skin_rg_ring01,Mery_skin_rg_ring_base
315,Mery_skin_rg_ring02,Mery_skin_rg_ring01
316,Mery_skin_rg_ring03,Mery_skin_rg_ring02
317,Mery_skin_rg_ring_base,
318,Mery_skin_rg_thumb01,
319,Mery_skin_rg_thumb02,Mery_skin_rg_thumb01
320,Mery_skin_rg_thumb03,Mery_skin_rg_thumb02
321,Mery_skin_rg_toe,Mery_skin_rg_foot
322,Mery_skin_rg_up_eyelid,
323,Mery_skin_rg_up_eyelid01,Mery_skin_rg_up_eyelid
324,Mery_skin_rg_up_eyelid02,Mery_skin_rg_up_eyelid
325,Mery_skin_rg_up_eyelid03,Mery_skin_rg_up_eyelid
326,Mery_skin_rg_uparm_twist1,
327,Mery_skin_rg_uparm_twist2,Mery_skin_rg_uparm_twist1
328,Mery_skin_rg_uparm_twist3,Mery_skin_rg_uparm_twist2
329,Mery_skin_rg_uparm_twist4,Mery_skin_rg_uparm_twist3
330,Mery_skin_rg_uparm_twist5,Mery_skin_rg_uparm_twist4
331,Mery_skin_rg_upleg_twist1,
332,Mery_skin_rg_upleg_twist2,Mery_skin_rg_upleg_twist1
333,Mery_skin_rg_upleg_twist3,Mery_skin_rg_upleg_twist2
334,Mery_skin_rg_upleg_twist4,Mery_skin_rg_upleg_twist3
335,Mery_skin_rg_upleg_twist5,Mery_skin_rg_upleg_twist4
